game_id,source_url,table_id,Inn,Score,Out,RoB,Pit(cnt),R/O,@Bat,Batter,Pitcher,wWPA,wWE,Play Description
WAS202409120,https://www.baseball-reference.com/boxes/WAS/WAS202409120.shtml,play_by_play,"Top of the 1st, Marlins Batting, Tied 0-0, Nationals' Mitchell Parker facing 1-2-3","Top of the 1st, Marlins Batting, Tied 0-0, Nationals' Mitchell Parker facing 1-2-3","Top of the 1st, Marlins Batting, Tied 0-0, Nationals' Mitchell Parker facing 1-2-3","Top of the 1st, Marlins Batting, Tied 0-0, Nationals' Mitchell Parker facing 1-2-3","Top of the 1st, Marlins Batting, Tied 0-0, Nationals' Mitchell Parker facing 1-2-3","Top of the 1st, Marlins Batting, Tied 0-0, Nationals' Mitchell Parker facing 1-2-3","Top of the 1st, Marlins Batting, Tied 0-0, Nationals' Mitchell Parker facing 1-2-3","Top of the 1st, Marlins Batting, Tied 0-0, Nationals' Mitchell Parker facing 1-2-3","Top of the 1st, Marlins Batting, Tied 0-0, Nationals' Mitchell Parker facing 1-2-3","Top of the 1st, Marlins Batting, Tied 0-0, Nationals' Mitchell Parker facing 1-2-3","Top of the 1st, Marlins Batting, Tied 0-0, Nationals' Mitchell Parker facing 1-2-3","Top of the 1st, Marlins Batting, Tied 0-0, Nationals' Mitchell Parker facing 1-2-3"
WAS202409120,https://www.baseball-reference.com/boxes/WAS/WAS202409120.shtml,play_by_play,t1,0-0,0,---,"4,(1-2) BCFS",O,MIA,Connor Norby,Mitchell Parker,-2%,48%,Strikeout Swinging
WAS202409120,https://www.baseball-reference.com/boxes/WAS/WAS202409120.shtml,play_by_play,t1,0-0,1,---,"2,(1-0) BX",,MIA,Jonah Bride,Mitchell Parker,2%,50%,Reached on E5 (Ground Ball to Weak 3B); J. Bride to 1B
WAS202409120,https://www.baseball-reference.com/boxes/WAS/WAS202409120.shtml,play_by_play,t1,0-0,1,1--,"4,(0-2) FS.FS",O,MIA,Jake Burger,Mitchell Parker,-3%,47%,Strikeout Swinging
WAS202409120,https://www.baseball-reference.com/boxes/WAS/WAS202409120.shtml,play_by_play,t1,0-0,2,1--,"5,(2-2) CBF.*BX",O,MIA,Otto Lopez,Mitchell Parker,-2%,45%,Groundout: SS-2B/Forceout at 2B; O. Lopez to 1B
WAS202409120,https://www.baseball-reference.com/boxes/WAS/WAS202409120.shtml,play_by_play,,,,,,,,,,"0 runs, 0 hits, 1 error, 1 LOB. Marlins 0, Nationals 0.","0 runs, 0 hits, 1 error, 1 LOB. Marlins 0, Nationals 0.","0 runs, 0 hits, 1 error, 1 LOB. Marlins 0, Nationals 0."
WAS202409120,https://www.baseball-reference.com/boxes/WAS/WAS202409120.shtml,play_by_play,"Bottom of the 1st, Nationals Batting, Tied 0-0, Marlins' Darren McCaughan facing 1-2-3","Bottom of the 1st, Nationals Batting, Tied 0-0, Marlins' Darren McCaughan facing 1-2-3","Bottom of the 1st, Nationals Batting, Tied 0-0, Marlins' Darren McCaughan facing 1-2-3","Bottom of the 1st, Nationals Batting, Tied 0-0, Marlins' Darren McCaughan facing 1-2-3","Bottom of the 1st, Nationals Batting, Tied 0-0, Marlins' Darren McCaughan facing 1-2-3","Bottom of the 1st, Nationals Batting, Tied 0-0, Marlins' Darren McCaughan facing 1-2-3","Bottom of the 1st, Nationals Batting, Tied 0-0, Marlins' Darren McCaughan facing 1-2-3","Bottom of the 1st, Nationals Batting, Tied 0-0, Marlins' Darren McCaughan facing 1-2-3","Bottom of the 1st, Nationals Batting, Tied 0-0, Marlins' Darren McCaughan facing 1-2-3","Bottom of the 1st, Nationals Batting, Tied 0-0, Marlins' Darren McCaughan facing 1-2-3","Bottom of the 1st, Nationals Batting, Tied 0-0, Marlins' Darren McCaughan facing 1-2-3","Bottom of the 1st, Nationals Batting, Tied 0-0, Marlins' Darren McCaughan facing 1-2-3"
WAS202409120,https://www.baseball-reference.com/boxes/WAS/WAS202409120.shtml,play_by_play,b1,0-0,0,---,"2,(0-1) FX",,WSN,CJ Abrams,Darren McCaughan,-6%,39%,Double to RF (Fly Ball to Deep CF-RF)
WAS202409120,https://www.baseball-reference.com/boxes/WAS/WAS202409120.shtml,play_by_play,b1,0-0,0,-2-,"1,(0-0) >B",,WSN,Dylan Crews,Darren McCaughan,-3%,36%,C. Abrams Steals 3B
WAS202409120,https://www.baseball-reference.com/boxes/WAS/WAS202409120.shtml,play_by_play,b1,0-0,0,--3,"5,(1-2) >B.FCFX",R,WSN,Dylan Crews,Darren McCaughan,-4%,32%,Single to SS (Ground Ball); C. Abrams Scores
WAS202409120,https://www.baseball-reference.com/boxes/WAS/WAS202409120.shtml,play_by_play,b1,1-0,0,1--,"6,(3-2) CBBFBB",,WSN,James Wood,Darren McCaughan,-5%,28%,Walk; D. Crews to 2B
WAS202409120,https://www.baseball-reference.com/boxes/WAS/WAS202409120.shtml,play_by_play,b1,1-0,0,12-,"6,(2-2) FFFBBX",O,WSN,Andrés Chaparro,Darren McCaughan,4%,32%,Lineout: CF
WAS202409120,https://www.baseball-reference.com/boxes/WAS/WAS202409120.shtml,play_by_play,b1,1-0,1,12-,"3,(0-2) FFX",RR,WSN,José Tena,Darren McCaughan,-14%,18%,Double to LF (Line Drive to Deep LF); D. Crews Scores; J. Wood Scores
WAS202409120,https://www.baseball-reference.com/boxes/WAS/WAS202409120.shtml,play_by_play,b1,3-0,1,-2-,"4,(2-1) SBBX",O,WSN,Keibert Ruiz,Darren McCaughan,2%,20%,Foul Popfly: 3B (3B into Foul Terr.)
WAS202409120,https://www.baseball-reference.com/boxes/WAS/WAS202409120.shtml,play_by_play,b1,3-0,2,-2-,"3,(1-1) CBX",O,WSN,Luis García Jr.,Darren McCaughan,2%,21%,Groundout: 1B unassisted
WAS202409120,https://www.baseball-reference.com/boxes/WAS/WAS202409120.shtml,play_by_play,,,,,,,,,,"3 runs, 3 hits, 0 errors, 1 LOB. Marlins 0, Nationals 3.","3 runs, 3 hits, 0 errors, 1 LOB. Marlins 0, Nationals 3.","3 runs, 3 hits, 0 errors, 1 LOB. Marlins 0, Nationals 3."
WAS202409120,https://www.baseball-reference.com/boxes/WAS/WAS202409120.shtml,play_by_play,"Top of the 2nd, Marlins Batting, Behind 0-3, Nationals' Mitchell Parker facing 5-6-7","Top of the 2nd, Marlins Batting, Behind 0-3, Nationals' Mitchell Parker facing 5-6-7","Top of the 2nd, Marlins Batting, Behind 0-3, Nationals' Mitchell Parker facing 5-6-7","Top of the 2nd, Marlins Batting, Behind 0-3, Nationals' Mitchell Parker facing 5-6-7","Top of the 2nd, Marlins Batting, Behind 0-3, Nationals' Mitchell Parker facing 5-6-7","Top of the 2nd, Marlins Batting, Behind 0-3, Nationals' Mitchell Parker facing 5-6-7","Top of the 2nd, Marlins Batting, Behind 0-3, Nationals' Mitchell Parker facing 5-6-7","Top of the 2nd, Marlins Batting, Behind 0-3, Nationals' Mitchell Parker facing 5-6-7","Top of the 2nd, Marlins Batting, Behind 0-3, Nationals' Mitchell Parker facing 5-6-7","Top of the 2nd, Marlins Batting, Behind 0-3, Nationals' Mitchell Parker facing 5-6-7","Top of the 2nd, Marlins Batting, Behind 0-3, Nationals' Mitchell Parker facing 5-6-7","Top of the 2nd, Marlins Batting, Behind 0-3, Nationals' Mitchell Parker facing 5-6-7"
WAS202409120,https://www.baseball-reference.com/boxes/WAS/WAS202409120.shtml,play_by_play,t2,0-3,0,---,"4,(1-2) CS.BX",O,MIA,Cristian Pache,Mitchell Parker,-2%,19%,Flyball: RF
WAS202409120,https://www.baseball-reference.com/boxes/WAS/WAS202409120.shtml,play_by_play,t2,0-3,1,---,"4,(2-1) BFBX",O,MIA,Kyle Stowers,Mitchell Parker,-1%,18%,Flyball: CF (Deep CF)
WAS202409120,https://www.baseball-reference.com/boxes/WAS/WAS202409120.shtml,play_by_play,t2,0-3,2,---,"5,(2-2) CBBFX",O,MIA,David Hensley,Mitchell Parker,-1%,17%,Groundout: 2B-1B
WAS202409120,https://www.baseball-reference.com/boxes/WAS/WAS202409120.shtml,play_by_play,,,,,,,,,,"0 runs, 0 hits, 0 errors, 0 LOB. Marlins 0, Nationals 3.","0 runs, 0 hits, 0 errors, 0 LOB. Marlins 0, Nationals 3.","0 runs, 0 hits, 0 errors, 0 LOB. Marlins 0, Nationals 3."
WAS202409120,https://www.baseball-reference.com/boxes/WAS/WAS202409120.shtml,play_by_play,"Bottom of the 2nd, Nationals Batting, Ahead 3-0, Marlins' Darren McCaughan facing 8-9-1","Bottom of the 2nd, Nationals Batting, Ahead 3-0, Marlins' Darren McCaughan facing 8-9-1","Bottom of the 2nd, Nationals Batting, Ahead 3-0, Marlins' Darren McCaughan facing 8-9-1","Bottom of the 2nd, Nationals Batting, Ahead 3-0, Marlins' Darren McCaughan facing 8-9-1","Bottom of the 2nd, Nationals Batting, Ahead 3-0, Marlins' Darren McCaughan facing 8-9-1","Bottom of the 2nd, Nationals Batting, Ahead 3-0, Marlins' Darren McCaughan facing 8-9-1","Bottom of the 2nd, Nationals Batting, Ahead 3-0, Marlins' Darren McCaughan facing 8-9-1","Bottom of the 2nd, Nationals Batting, Ahead 3-0, Marlins' Darren McCaughan facing 8-9-1","Bottom of the 2nd, Nationals Batting, Ahead 3-0, Marlins' Darren McCaughan facing 8-9-1","Bottom of the 2nd, Nationals Batting, Ahead 3-0, Marlins' Darren McCaughan facing 8-9-1","Bottom of the 2nd, Nationals Batting, Ahead 3-0, Marlins' Darren McCaughan facing 8-9-1","Bottom of the 2nd, Nationals Batting, Ahead 3-0, Marlins' Darren McCaughan facing 8-9-1"
WAS202409120,https://www.baseball-reference.com/boxes/WAS/WAS202409120.shtml,play_by_play,b2,3-0,0,---,"3,(1-1) FBX",O,WSN,Joey Gallo,Darren McCaughan,1%,18%,Flyball: RF (Short CF-RF)
WAS202409120,https://www.baseball-reference.com/boxes/WAS/WAS202409120.shtml,play_by_play,b2,3-0,1,---,"6,(2-2) CFBFBX",O,WSN,Jacob Young,Darren McCaughan,1%,19%,Groundout: SS-1B
WAS202409120,https://www.baseball-reference.com/boxes/WAS/WAS202409120.shtml,play_by_play,b2,3-0,2,---,"5,(3-1) CBBBB",,WSN,CJ Abrams,Darren McCaughan,-1%,19%,Walk
WAS202409120,https://www.baseball-reference.com/boxes/WAS/WAS202409120.shtml,play_by_play,b2,3-0,2,1--,"4,(2-1) BB1C>X",,WSN,Dylan Crews,Darren McCaughan,-1%,17%,Single to LF (Fly Ball to Deep SS-3B Hole); C. Abrams to 3B
WAS202409120,https://www.baseball-reference.com/boxes/WAS/WAS202409120.shtml,play_by_play,b2,3-0,2,1-3,"1,(0-0) >B",,WSN,James Wood,Darren McCaughan,0%,17%,D. Crews Steals 2B
WAS202409120,https://www.baseball-reference.com/boxes/WAS/WAS202409120.shtml,play_by_play,b2,3-0,2,-23,"3,(1-1) >B.CX",O,WSN,James Wood,Darren McCaughan,3%,20%,Flyball: CF (Deep LF-CF)
WAS202409120,https://www.baseball-reference.com/boxes/WAS/WAS202409120.shtml,play_by_play,,,,,,,,,,"0 runs, 1 hit, 0 errors, 2 LOB. Marlins 0, Nationals 3.","0 runs, 1 hit, 0 errors, 2 LOB. Marlins 0, Nationals 3.","0 runs, 1 hit, 0 errors, 2 LOB. Marlins 0, Nationals 3."
WAS202409120,https://www.baseball-reference.com/boxes/WAS/WAS202409120.shtml,play_by_play,"Top of the 3rd, Marlins Batting, Behind 0-3, Nationals' Mitchell Parker facing 8-9-1","Top of the 3rd, Marlins Batting, Behind 0-3, Nationals' Mitchell Parker facing 8-9-1","Top of the 3rd, Marlins Batting, Behind 0-3, Nationals' Mitchell Parker facing 8-9-1","Top of the 3rd, Marlins Batting, Behind 0-3, Nationals' Mitchell Parker facing 8-9-1","Top of the 3rd, Marlins Batting, Behind 0-3, Nationals' Mitchell Parker facing 8-9-1","Top of the 3rd, Marlins Batting, Behind 0-3, Nationals' Mitchell Parker facing 8-9-1","Top of the 3rd, Marlins Batting, Behind 0-3, Nationals' Mitchell Parker facing 8-9-1","Top of the 3rd, Marlins Batting, Behind 0-3, Nationals' Mitchell Parker facing 8-9-1","Top of the 3rd, Marlins Batting, Behind 0-3, Nationals' Mitchell Parker facing 8-9-1","Top of the 3rd, Marlins Batting, Behind 0-3, Nationals' Mitchell Parker facing 8-9-1","Top of the 3rd, Marlins Batting, Behind 0-3, Nationals' Mitchell Parker facing 8-9-1","Top of the 3rd, Marlins Batting, Behind 0-3, Nationals' Mitchell Parker facing 8-9-1"
WAS202409120,https://www.baseball-reference.com/boxes/WAS/WAS202409120.shtml,play_by_play,t3,0-3,0,---,"2,(1-0) BH",,MIA,Nick Fortes,Mitchell Parker,4%,23%,Hit By Pitch
WAS202409120,https://www.baseball-reference.com/boxes/WAS/WAS202409120.shtml,play_by_play,t3,0-3,0,1--,"3,(0-2) FFX",,MIA,Javier Sanoja,Mitchell Parker,10%,34%,Fielder's Choice SS; N. Fortes to 3B/Adv on E6 (throw); J. Sanoja to 2B
WAS202409120,https://www.baseball-reference.com/boxes/WAS/WAS202409120.shtml,play_by_play,t3,0-3,0,-23,"1,(0-0) X",RO,MIA,Connor Norby,Mitchell Parker,-1%,33%,Groundout: SS-1B (SS-2B); N. Fortes Scores/unER; J. Sanoja to 3B
WAS202409120,https://www.baseball-reference.com/boxes/WAS/WAS202409120.shtml,play_by_play,t3,1-3,1,--3,"2,(0-1) CX",RO,MIA,Jonah Bride,Mitchell Parker,1%,34%,Flyball: RF/Sacrifice Fly (Deep RF); J. Sanoja Scores/unER
WAS202409120,https://www.baseball-reference.com/boxes/WAS/WAS202409120.shtml,play_by_play,t3,2-3,2,---,"4,(3-0) BBBX",,MIA,Jake Burger,Mitchell Parker,1%,35%,Single to SS (Ground Ball to SS-3B Hole)
WAS202409120,https://www.baseball-reference.com/boxes/WAS/WAS202409120.shtml,play_by_play,t3,2-3,2,1--,"3,(1-1) BSX",O,MIA,Otto Lopez,Mitchell Parker,-3%,33%,Groundout: SS-1B
WAS202409120,https://www.baseball-reference.com/boxes/WAS/WAS202409120.shtml,play_by_play,,,,,,,,,,"2 runs, 1 hit, 1 error, 1 LOB. Marlins 2, Nationals 3.","2 runs, 1 hit, 1 error, 1 LOB. Marlins 2, Nationals 3.","2 runs, 1 hit, 1 error, 1 LOB. Marlins 2, Nationals 3."
WAS202409120,https://www.baseball-reference.com/boxes/WAS/WAS202409120.shtml,play_by_play,"Bottom of the 3rd, Nationals Batting, Ahead 3-2, Marlins' Darren McCaughan facing 4-5-6","Bottom of the 3rd, Nationals Batting, Ahead 3-2, Marlins' Darren McCaughan facing 4-5-6","Bottom of the 3rd, Nationals Batting, Ahead 3-2, Marlins' Darren McCaughan facing 4-5-6","Bottom of the 3rd, Nationals Batting, Ahead 3-2, Marlins' Darren McCaughan facing 4-5-6","Bottom of the 3rd, Nationals Batting, Ahead 3-2, Marlins' Darren McCaughan facing 4-5-6","Bottom of the 3rd, Nationals Batting, Ahead 3-2, Marlins' Darren McCaughan facing 4-5-6","Bottom of the 3rd, Nationals Batting, Ahead 3-2, Marlins' Darren McCaughan facing 4-5-6","Bottom of the 3rd, Nationals Batting, Ahead 3-2, Marlins' Darren McCaughan facing 4-5-6","Bottom of the 3rd, Nationals Batting, Ahead 3-2, Marlins' Darren McCaughan facing 4-5-6","Bottom of the 3rd, Nationals Batting, Ahead 3-2, Marlins' Darren McCaughan facing 4-5-6","Bottom of the 3rd, Nationals Batting, Ahead 3-2, Marlins' Darren McCaughan facing 4-5-6","Bottom of the 3rd, Nationals Batting, Ahead 3-2, Marlins' Darren McCaughan facing 4-5-6"
WAS202409120,https://www.baseball-reference.com/boxes/WAS/WAS202409120.shtml,play_by_play,b3,3-2,0,---,"3,(0-2) FFC",O,WSN,Andrés Chaparro,Darren McCaughan,2%,35%,Strikeout Looking
WAS202409120,https://www.baseball-reference.com/boxes/WAS/WAS202409120.shtml,play_by_play,b3,3-2,1,---,"3,(0-2) CCX",O,WSN,José Tena,Darren McCaughan,1%,36%,Groundout: 2B-1B
WAS202409120,https://www.baseball-reference.com/boxes/WAS/WAS202409120.shtml,play_by_play,b3,3-2,2,---,"3,(0-2) F.FX",,WSN,Keibert Ruiz,Darren McCaughan,-2%,34%,Double to RF (Line Drive to RF Line)
WAS202409120,https://www.baseball-reference.com/boxes/WAS/WAS202409120.shtml,play_by_play,b3,3-2,2,-2-,"3,(1-1) SBX",O,WSN,Luis García Jr.,Darren McCaughan,3%,37%,Lineout: RF (CF-RF)
WAS202409120,https://www.baseball-reference.com/boxes/WAS/WAS202409120.shtml,play_by_play,,,,,,,,,,"0 runs, 1 hit, 0 errors, 1 LOB. Marlins 2, Nationals 3.","0 runs, 1 hit, 0 errors, 1 LOB. Marlins 2, Nationals 3.","0 runs, 1 hit, 0 errors, 1 LOB. Marlins 2, Nationals 3."
WAS202409120,https://www.baseball-reference.com/boxes/WAS/WAS202409120.shtml,play_by_play,"Top of the 4th, Marlins Batting, Behind 2-3, Nationals' Mitchell Parker facing 5-6-7","Top of the 4th, Marlins Batting, Behind 2-3, Nationals' Mitchell Parker facing 5-6-7","Top of the 4th, Marlins Batting, Behind 2-3, Nationals' Mitchell Parker facing 5-6-7","Top of the 4th, Marlins Batting, Behind 2-3, Nationals' Mitchell Parker facing 5-6-7","Top of the 4th, Marlins Batting, Behind 2-3, Nationals' Mitchell Parker facing 5-6-7","Top of the 4th, Marlins Batting, Behind 2-3, Nationals' Mitchell Parker facing 5-6-7","Top of the 4th, Marlins Batting, Behind 2-3, Nationals' Mitchell Parker facing 5-6-7","Top of the 4th, Marlins Batting, Behind 2-3, Nationals' Mitchell Parker facing 5-6-7","Top of the 4th, Marlins Batting, Behind 2-3, Nationals' Mitchell Parker facing 5-6-7","Top of the 4th, Marlins Batting, Behind 2-3, Nationals' Mitchell Parker facing 5-6-7","Top of the 4th, Marlins Batting, Behind 2-3, Nationals' Mitchell Parker facing 5-6-7","Top of the 4th, Marlins Batting, Behind 2-3, Nationals' Mitchell Parker facing 5-6-7"
WAS202409120,https://www.baseball-reference.com/boxes/WAS/WAS202409120.shtml,play_by_play,t4,2-3,0,---,"3,(0-2) CSX",O,MIA,Cristian Pache,Mitchell Parker,-3%,34%,Groundout: SS-1B
WAS202409120,https://www.baseball-reference.com/boxes/WAS/WAS202409120.shtml,play_by_play,t4,2-3,1,---,"4,(1-2) FFBS",O,MIA,Kyle Stowers,Mitchell Parker,-2%,32%,Strikeout Swinging
WAS202409120,https://www.baseball-reference.com/boxes/WAS/WAS202409120.shtml,play_by_play,t4,2-3,2,---,"1,(0-0) X",O,MIA,David Hensley,Mitchell Parker,-1%,31%,Groundout: 3B-1B (Weak 3B)
WAS202409120,https://www.baseball-reference.com/boxes/WAS/WAS202409120.shtml,play_by_play,,,,,,,,,,"0 runs, 0 hits, 0 errors, 0 LOB. Marlins 2, Nationals 3.","0 runs, 0 hits, 0 errors, 0 LOB. Marlins 2, Nationals 3.","0 runs, 0 hits, 0 errors, 0 LOB. Marlins 2, Nationals 3."
WAS202409120,https://www.baseball-reference.com/boxes/WAS/WAS202409120.shtml,play_by_play,"Bottom of the 4th, Nationals Batting, Ahead 3-2, Marlins' Darren McCaughan facing 8-9-1","Bottom of the 4th, Nationals Batting, Ahead 3-2, Marlins' Darren McCaughan facing 8-9-1","Bottom of the 4th, Nationals Batting, Ahead 3-2, Marlins' Darren McCaughan facing 8-9-1","Bottom of the 4th, Nationals Batting, Ahead 3-2, Marlins' Darren McCaughan facing 8-9-1","Bottom of the 4th, Nationals Batting, Ahead 3-2, Marlins' Darren McCaughan facing 8-9-1","Bottom of the 4th, Nationals Batting, Ahead 3-2, Marlins' Darren McCaughan facing 8-9-1","Bottom of the 4th, Nationals Batting, Ahead 3-2, Marlins' Darren McCaughan facing 8-9-1","Bottom of the 4th, Nationals Batting, Ahead 3-2, Marlins' Darren McCaughan facing 8-9-1","Bottom of the 4th, Nationals Batting, Ahead 3-2, Marlins' Darren McCaughan facing 8-9-1","Bottom of the 4th, Nationals Batting, Ahead 3-2, Marlins' Darren McCaughan facing 8-9-1","Bottom of the 4th, Nationals Batting, Ahead 3-2, Marlins' Darren McCaughan facing 8-9-1","Bottom of the 4th, Nationals Batting, Ahead 3-2, Marlins' Darren McCaughan facing 8-9-1"
WAS202409120,https://www.baseball-reference.com/boxes/WAS/WAS202409120.shtml,play_by_play,b4,3-2,0,---,"4,(2-1) SBBX",O,WSN,Joey Gallo,Darren McCaughan,2%,33%,Foul Popfly: C (Behind Home)
WAS202409120,https://www.baseball-reference.com/boxes/WAS/WAS202409120.shtml,play_by_play,b4,3-2,1,---,"2,(0-1) CX",,WSN,Jacob Young,Darren McCaughan,-2%,31%,Single to CF (Ground Ball thru SS-2B)
WAS202409120,https://www.baseball-reference.com/boxes/WAS/WAS202409120.shtml,play_by_play,b4,3-2,1,1--,"4,(2-1) BCBX",O,WSN,CJ Abrams,Darren McCaughan,3%,33%,Flyball: SS (Deep SS-3B Hole)
WAS202409120,https://www.baseball-reference.com/boxes/WAS/WAS202409120.shtml,play_by_play,b4,3-2,2,1--,"2,(1-0) B>B",,WSN,Dylan Crews,Darren McCaughan,-1%,32%,J. Young Steals 2B; J. Young to 3B/Adv on E2 (throw)
WAS202409120,https://www.baseball-reference.com/boxes/WAS/WAS202409120.shtml,play_by_play,b4,3-2,2,--3,"4,(2-1) B>B.CX",O,WSN,Dylan Crews,Darren McCaughan,4%,36%,Groundout: 3B-1B
WAS202409120,https://www.baseball-reference.com/boxes/WAS/WAS202409120.shtml,play_by_play,,,,,,,,,,"0 runs, 1 hit, 1 error, 1 LOB. Marlins 2, Nationals 3.","0 runs, 1 hit, 1 error, 1 LOB. Marlins 2, Nationals 3.","0 runs, 1 hit, 1 error, 1 LOB. Marlins 2, Nationals 3."
WAS202409120,https://www.baseball-reference.com/boxes/WAS/WAS202409120.shtml,play_by_play,"Top of the 5th, Marlins Batting, Behind 2-3, Nationals' Mitchell Parker facing 8-9-1","Top of the 5th, Marlins Batting, Behind 2-3, Nationals' Mitchell Parker facing 8-9-1","Top of the 5th, Marlins Batting, Behind 2-3, Nationals' Mitchell Parker facing 8-9-1","Top of the 5th, Marlins Batting, Behind 2-3, Nationals' Mitchell Parker facing 8-9-1","Top of the 5th, Marlins Batting, Behind 2-3, Nationals' Mitchell Parker facing 8-9-1","Top of the 5th, Marlins Batting, Behind 2-3, Nationals' Mitchell Parker facing 8-9-1","Top of the 5th, Marlins Batting, Behind 2-3, Nationals' Mitchell Parker facing 8-9-1","Top of the 5th, Marlins Batting, Behind 2-3, Nationals' Mitchell Parker facing 8-9-1","Top of the 5th, Marlins Batting, Behind 2-3, Nationals' Mitchell Parker facing 8-9-1","Top of the 5th, Marlins Batting, Behind 2-3, Nationals' Mitchell Parker facing 8-9-1","Top of the 5th, Marlins Batting, Behind 2-3, Nationals' Mitchell Parker facing 8-9-1","Top of the 5th, Marlins Batting, Behind 2-3, Nationals' Mitchell Parker facing 8-9-1"
WAS202409120,https://www.baseball-reference.com/boxes/WAS/WAS202409120.shtml,play_by_play,t5,2-3,0,---,"3,(2-0) BBX",O,MIA,Nick Fortes,Mitchell Parker,-3%,32%,Popfly: 2B (Deep 2B)
WAS202409120,https://www.baseball-reference.com/boxes/WAS/WAS202409120.shtml,play_by_play,t5,2-3,1,---,"1,(0-0) X",O,MIA,Javier Sanoja,Mitchell Parker,-2%,30%,Lineout: CF (Deep CF-RF)
WAS202409120,https://www.baseball-reference.com/boxes/WAS/WAS202409120.shtml,play_by_play,t5,2-3,2,---,"1,(0-0) X",O,MIA,Connor Norby,Mitchell Parker,-1%,29%,Groundout: 1B unassisted (Front of Home)
WAS202409120,https://www.baseball-reference.com/boxes/WAS/WAS202409120.shtml,play_by_play,,,,,,,,,,"0 runs, 0 hits, 0 errors, 0 LOB. Marlins 2, Nationals 3.","0 runs, 0 hits, 0 errors, 0 LOB. Marlins 2, Nationals 3.","0 runs, 0 hits, 0 errors, 0 LOB. Marlins 2, Nationals 3."
WAS202409120,https://www.baseball-reference.com/boxes/WAS/WAS202409120.shtml,play_by_play,"Bottom of the 5th, Nationals Batting, Ahead 3-2, Marlins' Darren McCaughan facing 3-4-5","Bottom of the 5th, Nationals Batting, Ahead 3-2, Marlins' Darren McCaughan facing 3-4-5","Bottom of the 5th, Nationals Batting, Ahead 3-2, Marlins' Darren McCaughan facing 3-4-5","Bottom of the 5th, Nationals Batting, Ahead 3-2, Marlins' Darren McCaughan facing 3-4-5","Bottom of the 5th, Nationals Batting, Ahead 3-2, Marlins' Darren McCaughan facing 3-4-5","Bottom of the 5th, Nationals Batting, Ahead 3-2, Marlins' Darren McCaughan facing 3-4-5","Bottom of the 5th, Nationals Batting, Ahead 3-2, Marlins' Darren McCaughan facing 3-4-5","Bottom of the 5th, Nationals Batting, Ahead 3-2, Marlins' Darren McCaughan facing 3-4-5","Bottom of the 5th, Nationals Batting, Ahead 3-2, Marlins' Darren McCaughan facing 3-4-5","Bottom of the 5th, Nationals Batting, Ahead 3-2, Marlins' Darren McCaughan facing 3-4-5","Bottom of the 5th, Nationals Batting, Ahead 3-2, Marlins' Darren McCaughan facing 3-4-5","Bottom of the 5th, Nationals Batting, Ahead 3-2, Marlins' Darren McCaughan facing 3-4-5"
WAS202409120,https://www.baseball-reference.com/boxes/WAS/WAS202409120.shtml,play_by_play,b5,3-2,0,---,"1,(0-0) X",O,WSN,James Wood,Darren McCaughan,2%,31%,Flyball: LF (Deep LF-CF)
WAS202409120,https://www.baseball-reference.com/boxes/WAS/WAS202409120.shtml,play_by_play,b5,3-2,1,---,"2,(1-0) BX",O,WSN,Andrés Chaparro,Darren McCaughan,2%,32%,Groundout: 3B-1B (SS-3B Hole)
WAS202409120,https://www.baseball-reference.com/boxes/WAS/WAS202409120.shtml,play_by_play,b5,3-2,2,---,"5,(2-2) FBS.BX",O,WSN,José Tena,Darren McCaughan,1%,33%,Groundout: SS-1B (SS-2B)
WAS202409120,https://www.baseball-reference.com/boxes/WAS/WAS202409120.shtml,play_by_play,,,,,,,,,,"0 runs, 0 hits, 0 errors, 0 LOB. Marlins 2, Nationals 3.","0 runs, 0 hits, 0 errors, 0 LOB. Marlins 2, Nationals 3.","0 runs, 0 hits, 0 errors, 0 LOB. Marlins 2, Nationals 3."
WAS202409120,https://www.baseball-reference.com/boxes/WAS/WAS202409120.shtml,play_by_play,"Top of the 6th, Marlins Batting, Behind 2-3, Nationals' Mitchell Parker facing 2-3-4","Top of the 6th, Marlins Batting, Behind 2-3, Nationals' Mitchell Parker facing 2-3-4","Top of the 6th, Marlins Batting, Behind 2-3, Nationals' Mitchell Parker facing 2-3-4","Top of the 6th, Marlins Batting, Behind 2-3, Nationals' Mitchell Parker facing 2-3-4","Top of the 6th, Marlins Batting, Behind 2-3, Nationals' Mitchell Parker facing 2-3-4","Top of the 6th, Marlins Batting, Behind 2-3, Nationals' Mitchell Parker facing 2-3-4","Top of the 6th, Marlins Batting, Behind 2-3, Nationals' Mitchell Parker facing 2-3-4","Top of the 6th, Marlins Batting, Behind 2-3, Nationals' Mitchell Parker facing 2-3-4","Top of the 6th, Marlins Batting, Behind 2-3, Nationals' Mitchell Parker facing 2-3-4","Top of the 6th, Marlins Batting, Behind 2-3, Nationals' Mitchell Parker facing 2-3-4","Top of the 6th, Marlins Batting, Behind 2-3, Nationals' Mitchell Parker facing 2-3-4","Top of the 6th, Marlins Batting, Behind 2-3, Nationals' Mitchell Parker facing 2-3-4"
WAS202409120,https://www.baseball-reference.com/boxes/WAS/WAS202409120.shtml,play_by_play,t6,2-3,0,---,"3,(1-1) BSX",O,MIA,Jonah Bride,Mitchell Parker,-4%,30%,Groundout: 3B-1B
WAS202409120,https://www.baseball-reference.com/boxes/WAS/WAS202409120.shtml,play_by_play,t6,2-3,1,---,"1,(0-0) X",,MIA,Jake Burger,Mitchell Parker,4%,34%,Single to LF (Line Drive)
WAS202409120,https://www.baseball-reference.com/boxes/WAS/WAS202409120.shtml,play_by_play,t6,2-3,1,1--,"4,(1-2) FBS.*S",O,MIA,Otto Lopez,Mitchell Parker,-5%,29%,Strikeout Swinging
WAS202409120,https://www.baseball-reference.com/boxes/WAS/WAS202409120.shtml,play_by_play,t6,2-3,2,1--,"2,(1-0) BX",O,MIA,Cristian Pache,Mitchell Parker,-4%,25%,Flyball: RF
WAS202409120,https://www.baseball-reference.com/boxes/WAS/WAS202409120.shtml,play_by_play,,,,,,,,,,"0 runs, 1 hit, 0 errors, 1 LOB. Marlins 2, Nationals 3.","0 runs, 1 hit, 0 errors, 1 LOB. Marlins 2, Nationals 3.","0 runs, 1 hit, 0 errors, 1 LOB. Marlins 2, Nationals 3."
WAS202409120,https://www.baseball-reference.com/boxes/WAS/WAS202409120.shtml,play_by_play,"Bottom of the 6th, Nationals Batting, Ahead 3-2, Marlins' Anthony Veneziano facing 6-7-8","Bottom of the 6th, Nationals Batting, Ahead 3-2, Marlins' Anthony Veneziano facing 6-7-8","Bottom of the 6th, Nationals Batting, Ahead 3-2, Marlins' Anthony Veneziano facing 6-7-8","Bottom of the 6th, Nationals Batting, Ahead 3-2, Marlins' Anthony Veneziano facing 6-7-8","Bottom of the 6th, Nationals Batting, Ahead 3-2, Marlins' Anthony Veneziano facing 6-7-8","Bottom of the 6th, Nationals Batting, Ahead 3-2, Marlins' Anthony Veneziano facing 6-7-8","Bottom of the 6th, Nationals Batting, Ahead 3-2, Marlins' Anthony Veneziano facing 6-7-8","Bottom of the 6th, Nationals Batting, Ahead 3-2, Marlins' Anthony Veneziano facing 6-7-8","Bottom of the 6th, Nationals Batting, Ahead 3-2, Marlins' Anthony Veneziano facing 6-7-8","Bottom of the 6th, Nationals Batting, Ahead 3-2, Marlins' Anthony Veneziano facing 6-7-8","Bottom of the 6th, Nationals Batting, Ahead 3-2, Marlins' Anthony Veneziano facing 6-7-8","Bottom of the 6th, Nationals Batting, Ahead 3-2, Marlins' Anthony Veneziano facing 6-7-8"
WAS202409120,https://www.baseball-reference.com/boxes/WAS/WAS202409120.shtml,play_by_play,,,,,,,,,,Anthony Veneziano replaces Darren McCaughan pitching,Anthony Veneziano replaces Darren McCaughan pitching,Anthony Veneziano replaces Darren McCaughan pitching
WAS202409120,https://www.baseball-reference.com/boxes/WAS/WAS202409120.shtml,play_by_play,b6,3-2,0,---,"6,(1-2) .BCCFFS",O,WSN,Keibert Ruiz,Anthony Veneziano,2%,28%,Strikeout Swinging
WAS202409120,https://www.baseball-reference.com/boxes/WAS/WAS202409120.shtml,play_by_play,b6,3-2,1,---,"1,(0-0) X",O,WSN,Luis García Jr.,Anthony Veneziano,1%,29%,Flyball: CF (Deep CF)
WAS202409120,https://www.baseball-reference.com/boxes/WAS/WAS202409120.shtml,play_by_play,b6,3-2,2,---,"6,(3-2) BBCBFX",O,WSN,Joey Gallo,Anthony Veneziano,1%,30%,Groundout: 2B-1B
WAS202409120,https://www.baseball-reference.com/boxes/WAS/WAS202409120.shtml,play_by_play,,,,,,,,,,"0 runs, 0 hits, 0 errors, 0 LOB. Marlins 2, Nationals 3.","0 runs, 0 hits, 0 errors, 0 LOB. Marlins 2, Nationals 3.","0 runs, 0 hits, 0 errors, 0 LOB. Marlins 2, Nationals 3."
WAS202409120,https://www.baseball-reference.com/boxes/WAS/WAS202409120.shtml,play_by_play,"Top of the 7th, Marlins Batting, Behind 2-3, Nationals' Mitchell Parker facing 6-7-8","Top of the 7th, Marlins Batting, Behind 2-3, Nationals' Mitchell Parker facing 6-7-8","Top of the 7th, Marlins Batting, Behind 2-3, Nationals' Mitchell Parker facing 6-7-8","Top of the 7th, Marlins Batting, Behind 2-3, Nationals' Mitchell Parker facing 6-7-8","Top of the 7th, Marlins Batting, Behind 2-3, Nationals' Mitchell Parker facing 6-7-8","Top of the 7th, Marlins Batting, Behind 2-3, Nationals' Mitchell Parker facing 6-7-8","Top of the 7th, Marlins Batting, Behind 2-3, Nationals' Mitchell Parker facing 6-7-8","Top of the 7th, Marlins Batting, Behind 2-3, Nationals' Mitchell Parker facing 6-7-8","Top of the 7th, Marlins Batting, Behind 2-3, Nationals' Mitchell Parker facing 6-7-8","Top of the 7th, Marlins Batting, Behind 2-3, Nationals' Mitchell Parker facing 6-7-8","Top of the 7th, Marlins Batting, Behind 2-3, Nationals' Mitchell Parker facing 6-7-8","Top of the 7th, Marlins Batting, Behind 2-3, Nationals' Mitchell Parker facing 6-7-8"
WAS202409120,https://www.baseball-reference.com/boxes/WAS/WAS202409120.shtml,play_by_play,t7,2-3,0,---,"5,(2-2) S.BBTS",O,MIA,Kyle Stowers,Mitchell Parker,-4%,26%,Strikeout Swinging
WAS202409120,https://www.baseball-reference.com/boxes/WAS/WAS202409120.shtml,play_by_play,t7,2-3,1,---,"5,(2-2) CBBS.X",,MIA,David Hensley,Mitchell Parker,5%,31%,Single to P (Ground Ball to Short 3B Line)
WAS202409120,https://www.baseball-reference.com/boxes/WAS/WAS202409120.shtml,play_by_play,,,,,,,,,,Derek Law replaces Mitchell Parker pitching,Derek Law replaces Mitchell Parker pitching,Derek Law replaces Mitchell Parker pitching
WAS202409120,https://www.baseball-reference.com/boxes/WAS/WAS202409120.shtml,play_by_play,t7,2-3,1,1--,"1,(0-0) .X",OO,MIA,Nick Fortes,Derek Law,-10%,21%,Ground Ball Double Play: SS-2B-1B
WAS202409120,https://www.baseball-reference.com/boxes/WAS/WAS202409120.shtml,play_by_play,,,,,,,,,,"0 runs, 1 hit, 0 errors, 0 LOB. Marlins 2, Nationals 3.","0 runs, 1 hit, 0 errors, 0 LOB. Marlins 2, Nationals 3.","0 runs, 1 hit, 0 errors, 0 LOB. Marlins 2, Nationals 3."
WAS202409120,https://www.baseball-reference.com/boxes/WAS/WAS202409120.shtml,play_by_play,"Bottom of the 7th, Nationals Batting, Ahead 3-2, Marlins' Anthony Veneziano facing 9-1-2","Bottom of the 7th, Nationals Batting, Ahead 3-2, Marlins' Anthony Veneziano facing 9-1-2","Bottom of the 7th, Nationals Batting, Ahead 3-2, Marlins' Anthony Veneziano facing 9-1-2","Bottom of the 7th, Nationals Batting, Ahead 3-2, Marlins' Anthony Veneziano facing 9-1-2","Bottom of the 7th, Nationals Batting, Ahead 3-2, Marlins' Anthony Veneziano facing 9-1-2","Bottom of the 7th, Nationals Batting, Ahead 3-2, Marlins' Anthony Veneziano facing 9-1-2","Bottom of the 7th, Nationals Batting, Ahead 3-2, Marlins' Anthony Veneziano facing 9-1-2","Bottom of the 7th, Nationals Batting, Ahead 3-2, Marlins' Anthony Veneziano facing 9-1-2","Bottom of the 7th, Nationals Batting, Ahead 3-2, Marlins' Anthony Veneziano facing 9-1-2","Bottom of the 7th, Nationals Batting, Ahead 3-2, Marlins' Anthony Veneziano facing 9-1-2","Bottom of the 7th, Nationals Batting, Ahead 3-2, Marlins' Anthony Veneziano facing 9-1-2","Bottom of the 7th, Nationals Batting, Ahead 3-2, Marlins' Anthony Veneziano facing 9-1-2"
WAS202409120,https://www.baseball-reference.com/boxes/WAS/WAS202409120.shtml,play_by_play,b7,3-2,0,---,"8,(2-2) FBF.BFFFS",O,WSN,Jacob Young,Anthony Veneziano,2%,22%,Strikeout Swinging
WAS202409120,https://www.baseball-reference.com/boxes/WAS/WAS202409120.shtml,play_by_play,b7,3-2,1,---,"5,(1-2) CSBFS",O,WSN,CJ Abrams,Anthony Veneziano,1%,24%,Strikeout Swinging
WAS202409120,https://www.baseball-reference.com/boxes/WAS/WAS202409120.shtml,play_by_play,,,,,,,,,,Anthony Bender replaces Anthony Veneziano pitching,Anthony Bender replaces Anthony Veneziano pitching,Anthony Bender replaces Anthony Veneziano pitching
WAS202409120,https://www.baseball-reference.com/boxes/WAS/WAS202409120.shtml,play_by_play,b7,3-2,2,---,"4,(1-2) .CC.BS",O,WSN,Dylan Crews,Anthony Bender,1%,25%,Strikeout Swinging
WAS202409120,https://www.baseball-reference.com/boxes/WAS/WAS202409120.shtml,play_by_play,,,,,,,,,,"0 runs, 0 hits, 0 errors, 0 LOB. Marlins 2, Nationals 3.","0 runs, 0 hits, 0 errors, 0 LOB. Marlins 2, Nationals 3.","0 runs, 0 hits, 0 errors, 0 LOB. Marlins 2, Nationals 3."
WAS202409120,https://www.baseball-reference.com/boxes/WAS/WAS202409120.shtml,play_by_play,"Top of the 8th, Marlins Batting, Behind 2-3, Nationals' Derek Law facing 9-1-2","Top of the 8th, Marlins Batting, Behind 2-3, Nationals' Derek Law facing 9-1-2","Top of the 8th, Marlins Batting, Behind 2-3, Nationals' Derek Law facing 9-1-2","Top of the 8th, Marlins Batting, Behind 2-3, Nationals' Derek Law facing 9-1-2","Top of the 8th, Marlins Batting, Behind 2-3, Nationals' Derek Law facing 9-1-2","Top of the 8th, Marlins Batting, Behind 2-3, Nationals' Derek Law facing 9-1-2","Top of the 8th, Marlins Batting, Behind 2-3, Nationals' Derek Law facing 9-1-2","Top of the 8th, Marlins Batting, Behind 2-3, Nationals' Derek Law facing 9-1-2","Top of the 8th, Marlins Batting, Behind 2-3, Nationals' Derek Law facing 9-1-2","Top of the 8th, Marlins Batting, Behind 2-3, Nationals' Derek Law facing 9-1-2","Top of the 8th, Marlins Batting, Behind 2-3, Nationals' Derek Law facing 9-1-2","Top of the 8th, Marlins Batting, Behind 2-3, Nationals' Derek Law facing 9-1-2"
WAS202409120,https://www.baseball-reference.com/boxes/WAS/WAS202409120.shtml,play_by_play,,,,,,,,,,Xavier Edwards pinch hits for Javier Sanoja (2B) batting 9th,Xavier Edwards pinch hits for Javier Sanoja (2B) batting 9th,Xavier Edwards pinch hits for Javier Sanoja (2B) batting 9th
WAS202409120,https://www.baseball-reference.com/boxes/WAS/WAS202409120.shtml,play_by_play,t8,2-3,0,---,"3,(1-1) .BCX",,MIA,Xavier Edwards,Derek Law,15%,40%,Double to LF (Line Drive to LF Line)
WAS202409120,https://www.baseball-reference.com/boxes/WAS/WAS202409120.shtml,play_by_play,t8,2-3,0,-2-,"5,(3-1) BSBBB",,MIA,Connor Norby,Derek Law,7%,46%,Walk
WAS202409120,https://www.baseball-reference.com/boxes/WAS/WAS202409120.shtml,play_by_play,t8,2-3,0,12-,"2,(1-0) BX",R,MIA,Jonah Bride,Derek Law,20%,67%,Single to CF (Ground Ball thru SS-2B); X. Edwards Scores; C. Norby to 2B
WAS202409120,https://www.baseball-reference.com/boxes/WAS/WAS202409120.shtml,play_by_play,t8,3-3,0,12-,"3,(2-0) BBX",,MIA,Jake Burger,Derek Law,12%,79%,Single to CF (Line Drive to Deep CF); C. Norby to 3B; J. Bride to 2B
WAS202409120,https://www.baseball-reference.com/boxes/WAS/WAS202409120.shtml,play_by_play,t8,3-3,0,123,"1,(0-0) X",RRO,MIA,Otto Lopez,Derek Law,8%,87%,Groundout: SS-2B/Forceout at 2B; C. Norby Scores; J. Bride Scores/Adv on E4 (throw)/No RBI/unER; O. Lopez to 1B
WAS202409120,https://www.baseball-reference.com/boxes/WAS/WAS202409120.shtml,play_by_play,,,,,,,,,,Robert Garcia replaces Derek Law pitching,Robert Garcia replaces Derek Law pitching,Robert Garcia replaces Derek Law pitching
WAS202409120,https://www.baseball-reference.com/boxes/WAS/WAS202409120.shtml,play_by_play,t8,5-3,1,1--,"3,(0-2) .1FFS",O,MIA,Cristian Pache,Robert Garcia,-1%,86%,Strikeout Swinging
WAS202409120,https://www.baseball-reference.com/boxes/WAS/WAS202409120.shtml,play_by_play,t8,5-3,2,1--,"3,(1-1) 1BS>X",O,MIA,Kyle Stowers,Robert Garcia,-1%,84%,Lineout: LF (Short LF Line)
WAS202409120,https://www.baseball-reference.com/boxes/WAS/WAS202409120.shtml,play_by_play,,,,,,,,,,"3 runs, 3 hits, 1 error, 1 LOB. Marlins 5, Nationals 3.","3 runs, 3 hits, 1 error, 1 LOB. Marlins 5, Nationals 3.","3 runs, 3 hits, 1 error, 1 LOB. Marlins 5, Nationals 3."
WAS202409120,https://www.baseball-reference.com/boxes/WAS/WAS202409120.shtml,play_by_play,"Bottom of the 8th, Nationals Batting, Behind 3-5, Marlins' Jesús Tinoco facing 3-4-5","Bottom of the 8th, Nationals Batting, Behind 3-5, Marlins' Jesús Tinoco facing 3-4-5","Bottom of the 8th, Nationals Batting, Behind 3-5, Marlins' Jesús Tinoco facing 3-4-5","Bottom of the 8th, Nationals Batting, Behind 3-5, Marlins' Jesús Tinoco facing 3-4-5","Bottom of the 8th, Nationals Batting, Behind 3-5, Marlins' Jesús Tinoco facing 3-4-5","Bottom of the 8th, Nationals Batting, Behind 3-5, Marlins' Jesús Tinoco facing 3-4-5","Bottom of the 8th, Nationals Batting, Behind 3-5, Marlins' Jesús Tinoco facing 3-4-5","Bottom of the 8th, Nationals Batting, Behind 3-5, Marlins' Jesús Tinoco facing 3-4-5","Bottom of the 8th, Nationals Batting, Behind 3-5, Marlins' Jesús Tinoco facing 3-4-5","Bottom of the 8th, Nationals Batting, Behind 3-5, Marlins' Jesús Tinoco facing 3-4-5","Bottom of the 8th, Nationals Batting, Behind 3-5, Marlins' Jesús Tinoco facing 3-4-5","Bottom of the 8th, Nationals Batting, Behind 3-5, Marlins' Jesús Tinoco facing 3-4-5"
WAS202409120,https://www.baseball-reference.com/boxes/WAS/WAS202409120.shtml,play_by_play,,,,,,,,,,Jesús Tinoco replaces Anthony Bender pitchingOtto Lopez moves from SS to 2B Xavier Edwards moves from PH to SS Griffin Conine replaces David Hensley playing RF batting 7th,Jesús Tinoco replaces Anthony Bender pitchingOtto Lopez moves from SS to 2B Xavier Edwards moves from PH to SS Griffin Conine replaces David Hensley playing RF batting 7th,Jesús Tinoco replaces Anthony Bender pitchingOtto Lopez moves from SS to 2B Xavier Edwards moves from PH to SS Griffin Conine replaces David Hensley playing RF batting 7th
WAS202409120,https://www.baseball-reference.com/boxes/WAS/WAS202409120.shtml,play_by_play,b8,3-5,0,---,"7,(3-2) ....BBFBSFC",O,WSN,James Wood,Jesús Tinoco,4%,88%,Strikeout Looking
WAS202409120,https://www.baseball-reference.com/boxes/WAS/WAS202409120.shtml,play_by_play,b8,3-5,1,---,"4,(0-2) CCFX",O,WSN,Andrés Chaparro,Jesús Tinoco,3%,91%,Lineout: RF
WAS202409120,https://www.baseball-reference.com/boxes/WAS/WAS202409120.shtml,play_by_play,b8,3-5,2,---,"2,(0-1) SX",O,WSN,José Tena,Jesús Tinoco,2%,93%,Groundout: 2B-1B
WAS202409120,https://www.baseball-reference.com/boxes/WAS/WAS202409120.shtml,play_by_play,,,,,,,,,,"0 runs, 0 hits, 0 errors, 0 LOB. Marlins 5, Nationals 3.","0 runs, 0 hits, 0 errors, 0 LOB. Marlins 5, Nationals 3.","0 runs, 0 hits, 0 errors, 0 LOB. Marlins 5, Nationals 3."
WAS202409120,https://www.baseball-reference.com/boxes/WAS/WAS202409120.shtml,play_by_play,"Top of the 9th, Marlins Batting, Ahead 5-3, Nationals' Joe La Sorsa facing 7-8-9","Top of the 9th, Marlins Batting, Ahead 5-3, Nationals' Joe La Sorsa facing 7-8-9","Top of the 9th, Marlins Batting, Ahead 5-3, Nationals' Joe La Sorsa facing 7-8-9","Top of the 9th, Marlins Batting, Ahead 5-3, Nationals' Joe La Sorsa facing 7-8-9","Top of the 9th, Marlins Batting, Ahead 5-3, Nationals' Joe La Sorsa facing 7-8-9","Top of the 9th, Marlins Batting, Ahead 5-3, Nationals' Joe La Sorsa facing 7-8-9","Top of the 9th, Marlins Batting, Ahead 5-3, Nationals' Joe La Sorsa facing 7-8-9","Top of the 9th, Marlins Batting, Ahead 5-3, Nationals' Joe La Sorsa facing 7-8-9","Top of the 9th, Marlins Batting, Ahead 5-3, Nationals' Joe La Sorsa facing 7-8-9","Top of the 9th, Marlins Batting, Ahead 5-3, Nationals' Joe La Sorsa facing 7-8-9","Top of the 9th, Marlins Batting, Ahead 5-3, Nationals' Joe La Sorsa facing 7-8-9","Top of the 9th, Marlins Batting, Ahead 5-3, Nationals' Joe La Sorsa facing 7-8-9"
WAS202409120,https://www.baseball-reference.com/boxes/WAS/WAS202409120.shtml,play_by_play,,,,,,,,,,Joe La Sorsa replaces Robert Garcia pitching,Joe La Sorsa replaces Robert Garcia pitching,Joe La Sorsa replaces Robert Garcia pitching
WAS202409120,https://www.baseball-reference.com/boxes/WAS/WAS202409120.shtml,play_by_play,t9,5-3,0,---,"3,(1-1) .BFX",,MIA,Griffin Conine,Joe La Sorsa,1%,94%,Single to SS (Ground Ball)
WAS202409120,https://www.baseball-reference.com/boxes/WAS/WAS202409120.shtml,play_by_play,t9,5-3,0,1--,"1,(0-0) X",O,MIA,Nick Fortes,Joe La Sorsa,0%,94%,Bunt Groundout: P-1B/Sacrifice; G. Conine to 2B
WAS202409120,https://www.baseball-reference.com/boxes/WAS/WAS202409120.shtml,play_by_play,t9,5-3,1,-2-,"1,(0-0) X",,MIA,Xavier Edwards,Joe La Sorsa,2%,95%,Single to LF (Line Drive to Short LF); G. Conine to 3B
WAS202409120,https://www.baseball-reference.com/boxes/WAS/WAS202409120.shtml,play_by_play,,,,,,,,,,Tanner Rainey replaces Joe La Sorsa pitching,Tanner Rainey replaces Joe La Sorsa pitching,Tanner Rainey replaces Joe La Sorsa pitching
WAS202409120,https://www.baseball-reference.com/boxes/WAS/WAS202409120.shtml,play_by_play,t9,5-3,1,1-3,"3,(0-2) .FF>B",,MIA,Connor Norby,Tanner Rainey,1%,96%,X. Edwards Steals 2B
WAS202409120,https://www.baseball-reference.com/boxes/WAS/WAS202409120.shtml,play_by_play,t9,5-3,1,-23,"5,(2-2) .FF>B.BX",RO,MIA,Connor Norby,Tanner Rainey,1%,97%,Lineout: RF/Sacrifice Fly; G. Conine Scores
WAS202409120,https://www.baseball-reference.com/boxes/WAS/WAS202409120.shtml,play_by_play,t9,6-3,2,-2-,"6,(3-2) CBCBB>X",O,MIA,Jonah Bride,Tanner Rainey,-1%,96%,Foul Popfly: 3B
WAS202409120,https://www.baseball-reference.com/boxes/WAS/WAS202409120.shtml,play_by_play,,,,,,,,,,"1 run, 2 hits, 0 errors, 1 LOB. Marlins 6, Nationals 3.","1 run, 2 hits, 0 errors, 1 LOB. Marlins 6, Nationals 3.","1 run, 2 hits, 0 errors, 1 LOB. Marlins 6, Nationals 3."
WAS202409120,https://www.baseball-reference.com/boxes/WAS/WAS202409120.shtml,play_by_play,"Bottom of the 9th, Nationals Batting, Behind 3-6, Marlins' Jesús Tinoco facing 6-7-8","Bottom of the 9th, Nationals Batting, Behind 3-6, Marlins' Jesús Tinoco facing 6-7-8","Bottom of the 9th, Nationals Batting, Behind 3-6, Marlins' Jesús Tinoco facing 6-7-8","Bottom of the 9th, Nationals Batting, Behind 3-6, Marlins' Jesús Tinoco facing 6-7-8","Bottom of the 9th, Nationals Batting, Behind 3-6, Marlins' Jesús Tinoco facing 6-7-8","Bottom of the 9th, Nationals Batting, Behind 3-6, Marlins' Jesús Tinoco facing 6-7-8","Bottom of the 9th, Nationals Batting, Behind 3-6, Marlins' Jesús Tinoco facing 6-7-8","Bottom of the 9th, Nationals Batting, Behind 3-6, Marlins' Jesús Tinoco facing 6-7-8","Bottom of the 9th, Nationals Batting, Behind 3-6, Marlins' Jesús Tinoco facing 6-7-8","Bottom of the 9th, Nationals Batting, Behind 3-6, Marlins' Jesús Tinoco facing 6-7-8","Bottom of the 9th, Nationals Batting, Behind 3-6, Marlins' Jesús Tinoco facing 6-7-8","Bottom of the 9th, Nationals Batting, Behind 3-6, Marlins' Jesús Tinoco facing 6-7-8"
WAS202409120,https://www.baseball-reference.com/boxes/WAS/WAS202409120.shtml,play_by_play,b9,3-6,0,---,"1,(0-0) X",O,WSN,Keibert Ruiz,Jesús Tinoco,2%,98%,Lineout: RF (CF-RF)
WAS202409120,https://www.baseball-reference.com/boxes/WAS/WAS202409120.shtml,play_by_play,b9,3-6,1,---,"2,(1-0) BX",O,WSN,Luis García Jr.,Jesús Tinoco,1%,100%,Lineout: 3B
WAS202409120,https://www.baseball-reference.com/boxes/WAS/WAS202409120.shtml,play_by_play,b9,3-6,2,---,"6,(3-2) BBFSBC",O,WSN,Joey Gallo,Jesús Tinoco,0%,100%,Strikeout Looking
WAS202409120,https://www.baseball-reference.com/boxes/WAS/WAS202409120.shtml,play_by_play,,,,,,,,,,"0 runs, 0 hits, 0 errors, 0 LOB. Marlins 6, Nationals 3.","0 runs, 0 hits, 0 errors, 0 LOB. Marlins 6, Nationals 3.","0 runs, 0 hits, 0 errors, 0 LOB. Marlins 6, Nationals 3."
